use QL_ANHNGU
insert into THI_XEP_LOP values ('TXL_2016_01', '1', '0', '1' , '2016-06-01')
insert into THI_XEP_LOP values ('TXL_2016_02', '2', '1', '2' , '2016-06-02')
insert into THI_XEP_LOP values ('TXL_2016_03', '3', '5', '3' , '2016-06-03')

insert into HOC_VIEN values ('201600001',N'Trần Đình Phúc',	'1995-03-20', N'Nam', N'Biên Hòa, Đồng Nai', '01698833511',	'IEL.BE','IEL.EL','BEGIN','ELEM','trandinhphuc95@gmail.com')
insert into HOC_VIEN values ('201600002',N'Adam Levine','1980-01-01',N'Nam',N'USA','0123456789','IELT.INT','IELT.AD','UPPER','ADV','adam@levine.com')
insert into HOC_VIEN values ('201600003',N'Katy Perry','1985-12-22',N'Nữ',N'NYC, USA','0123456789','IEL.BE','IELT.AD','INTER','ADV','katy@perry.com')

insert into THOIGIAN_RANH values ('201600001', 'CN', '0')
insert into THOIGIAN_RANH values ('201600001', 'CN', '1')
insert into THOIGIAN_RANH values ('201600001', 'CN', '2')
insert into THOIGIAN_RANH values ('201600001', 'CN', '3')
insert into THOIGIAN_RANH values ('201600001', 'CN', '4')
insert into THOIGIAN_RANH values ('201600001', 'CN', '5')
insert into THOIGIAN_RANH values ('201600001', 'CN', '6')
insert into THOIGIAN_RANH values ('201600001', 'T2', '4')
insert into THOIGIAN_RANH values ('201600001', 'T2', '5')
insert into THOIGIAN_RANH values ('201600001', 'T3', '4')
insert into THOIGIAN_RANH values ('201600001', 'T3', '5')
insert into THOIGIAN_RANH values ('201600001', 'T6', '4')
insert into THOIGIAN_RANH values ('201600001', 'T6', '5')
insert into THOIGIAN_RANH values ('201600001', 'T7', '0')
insert into THOIGIAN_RANH values ('201600001', 'T7', '1')
insert into THOIGIAN_RANH values ('201600001', 'T7', '2')
insert into THOIGIAN_RANH values ('201600001', 'T7', '3')
insert into THOIGIAN_RANH values ('201600001', 'T7', '4')
insert into THOIGIAN_RANH values ('201600001', 'T7', '5')
insert into THOIGIAN_RANH values ('201600001', 'T7', '6')
insert into THOIGIAN_RANH values ('201600002', 'CN', '0')
insert into THOIGIAN_RANH values ('201600002', 'CN', '1')
insert into THOIGIAN_RANH values ('201600002', 'CN', '2')
insert into THOIGIAN_RANH values ('201600002', 'CN', '3')
insert into THOIGIAN_RANH values ('201600002', 'CN', '4')
insert into THOIGIAN_RANH values ('201600002', 'CN', '5')
insert into THOIGIAN_RANH values ('201600002', 'CN', '6')
insert into THOIGIAN_RANH values ('201600003', 'CN', '0')
insert into THOIGIAN_RANH values ('201600003', 'CN', '1')
insert into THOIGIAN_RANH values ('201600003', 'CN', '2')
insert into THOIGIAN_RANH values ('201600003', 'CN', '3')
insert into THOIGIAN_RANH values ('201600003', 'T6', '2')
insert into THOIGIAN_RANH values ('201600003', 'T6', '3')
insert into THOIGIAN_RANH values ('201600003', 'T6', '4')
insert into THOIGIAN_RANH values ('201600003', 'T7', '0')
insert into THOIGIAN_RANH values ('201600003', 'T7', '1')
insert into THOIGIAN_RANH values ('201600003', 'T7', '2')