INSERT INTO HOC_VIEN VALUES ('201500001', N'Trần Đình Phúc', '1995-03-20', N'Nam', N'Biên Hòa, Đồng Nai', '01698833511', 'IELT.BE', 'IELT.AD', 'BEGIN', 'ELEM', '1500001@gmail.com')
INSERT INTO HOC_VIEN VALUES ('201500002', N'Lê Huỳnh Quốc Huy', '1995-03-21', N'Nam', N'Quận 1, HCMC', '0123456789', 'IELT.EL', 'IELT.INT', 'ELEM', 'INTER', '1500002@gmail.com')
INSERT INTO HOC_VIEN VALUES ('201500003', N'Nguyễn Hoàng Phát', '1994-01-01', N'Nam', N'Biên Hòa, Đồng Nai', '0888888888', 'TOEI.PR', 'TOEI.UP', 'PRE', 'UPPER', '1500003@gmail.com')
INSERT INTO HOC_VIEN VALUES ('201500004', N'Tony Tèo', '1996-09-09', N'Nam', N'CA, USA', '01696969696', 'TOEF.UP', 'TOEF.AD', 'UPPER', 'ADV', '1500004@gmail.com')
INSERT INTO HOC_VIEN VALUES ('201500005', N'Vũ Minh Nhật', '1995-12-22', N'Nam', N'HCMC', '012345677777', 'IELT.EL', 'IELT.AD', 'ELEM', 'ADV', '1500005@gmail.com')
INSERT INTO HOC_VIEN VALUES ('201500006', N'Phạm Ngọc Quang Sang', '1995-11-28', N'Nam', N'Biên Hòa, Đồng Nai', '040404040404', 'IELT.BE', 'IELT.PR', 'BEGIN', 'PRE', '1500006@gmail.com')
INSERT INTO HOC_VIEN VALUES ('201500007', N'Avril Lavigne', '1996-02-14', N'Nữ', N'NYC, USA', '010010001010', 'TOEI.BE', 'TOEI.AD', 'BEGIN', 'ADV', '1500007@gmail.com')
INSERT INTO HOC_VIEN VALUES ('201500008', N'Nguyễn Huỳnh Thảo Vi', '1996-02-04', N'Nữ', N'Hội An, Quảng Nam', '0911113114', 'IELT.BE', 'IELT.AD', 'BEGIN', 'ADV', '1500008@gmail.com')
INSERT INTO HOC_VIEN VALUES ('201500009', N'Nguyễn Thị Nhơn', '1989-05-01', N'Nữ', N'Trảng Bom, Đồng Nai', '0907156478', 'IELT.BE', 'IELT.AD', 'BEGIN', 'ADV', '1500009@gmail.com')
INSERT INTO HOC_VIEN VALUES ('201500010', N'Đỗ Tiến Hậu', '1985-06-06', N'Nam', N'Trảng Bom, Đồng Nai', '01231231234', 'IELT.UP', 'IELT.AD', 'UPPER', 'ADV', '1500010@gmail.com')
INSERT INTO HOC_VIEN VALUES ('201500011', N'Võ Phạm Minh Tân', '1999-06-09', N'Nam', N'Quận 5, Tp. HCM', '01233156478', 'TOEI.AD', 'TOEI.AD', 'ADV', 'ADV', '1500011@gmail.com')
INSERT INTO HOC_VIEN VALUES ('201500012', N'Nguyễn Như Quỳnh', '1992-01-08', N'Nữ', N'Quận 7, Tp.HCM', '01696969696', 'TOEI.BE', 'TOEI.INT', 'BEGIN', 'INTER', '1500012@gmail.com')
INSERT INTO HOC_VIEN VALUES ('201500013', N'Trần Hoàng Nhật Linh', '1995-05-01', N'Nữ', N'Quận 9, Tp.HCM', '01666666666', 'TOEI.PR', 'TOEI.PR', 'PRE', 'PRE', '1500013@gmail.com')
INSERT INTO HOC_VIEN VALUES ('201500014', N'Tạ Nguyễn Khánh Hà', '1997-08-25', N'Nữ', N'KTX ĐHQG Tp.HCM', '0984444444', 'TOEF.INT', 'TOEF.UP', 'INTER', 'UPPER', '1500014@gmail.com')
INSERT INTO HOC_VIEN VALUES ('201500015', N'Phạm Văn Minh', '1996-07-28', N'Nam', N'KTX ĐHQG Tp.HCM', '012566564987', 'TOEF.INT', 'TOEF.AD', 'INTER', 'ADV', '1500015@gmail.com')
INSERT INTO HOC_VIEN VALUES ('201500016', N'Nguyễn Thị Thanh Nga', '1995-06-26', N'Nữ', N'Biên Hòa, Đồng Nai', '0618888888', 'TOEF.PR', 'TOEF.AD', 'PRE', 'ADV', '1500016@gmail.com')
INSERT INTO HOC_VIEN VALUES ('201500017', N'Trần Minh Chiến', '1991-06-03', N'Nam', N'Thủ Đức, Tp. HCM', '06505555555', 'TOEF.PR', 'TOEF.UP', 'PRE', 'UPPER', '1500017@gmail.com')
INSERT INTO HOC_VIEN VALUES ('201500018', N'Keinishi Kori', '1997-03-15', N'Nam', N'Tokyo, Japan', '08812312312', 'TOEF.PR', 'TOEF.UP', 'PRE', 'UPPER', '1500018@gmail.com')
INSERT INTO HOC_VIEN VALUES ('201500019', N'Ailo', '1995-04-30', N'Nam', N'Vientian, Laos', '01699999999', 'IELT.BE', 'IELT.INT', 'BEGIN', 'INTER', '1500019@gmail.com')
INSERT INTO HOC_VIEN VALUES ('201500020', N'Trần Linh Linh', '1985-05-20', N'Nữ', N'Đà Nẵng', '011111111111', 'IELT.INT', 'IELT.AD', 'INTER', 'ADV', '1500020@gmail.com')
INSERT INTO HOC_VIEN VALUES ('201500021', N'Nguyễn Thanh Tâm', '1986-03-18', N'Nữ', N'Đống Đa, Hà Nội', '01234789456', 'IELT.EL', 'IELT.AD', 'ELEM', 'ADV', '1500021@gmail.com')
INSERT INTO HOC_VIEN VALUES ('201500022', N'Maria Mario', '1997-10-10', N'Nữ', N'Tokyo, Japan', '0999999999', 'IELT.EL', 'IELT.UP', 'ELEM', 'UPPER', '1500022@gmail.com')
INSERT INTO HOC_VIEN VALUES ('201500023', N'Trần Mạnh Hiệp', '1995-02-09', N'Nam', N'Hà Nội', '01218999999', 'IELT.EL', 'IELT.UP', 'ELEM', 'UPPER', '1500023@gmail.com')
INSERT INTO HOC_VIEN VALUES ('201500024', N'Juxiajang', '1996-03-17', N'Nam', N'Bejing, China', '01698456258', 'IELT.PR', 'IELT.AD', 'PRE', 'ADV', '1500024@gmail.com')
INSERT INTO HOC_VIEN VALUES ('201500025', N'Lulu', '1993-04-29', N'Nữ', N'Cambodia', '01234159357', 'IELT.PR', 'IELT.AD', 'PRE', 'ADV', '1500025@gmail.com')
INSERT INTO HOC_VIEN VALUES ('201500026', N'Tony Assance', '1993-10-10', N'Nữ', N'Singapore', '0908765432', 'TOEI.BE', 'TOEI.UP', 'BEGIN', 'UPPER', '1500026@gmail.com')
INSERT INTO HOC_VIEN VALUES ('201500027', N'Lê Thị Mai', '1994-11-19', N'Nữ', N'Biên Hòa, Đồng Nai', '0907268426', 'TOEI.BE', 'TOEI.EL', 'BEGIN', 'ELEM', '1500027@gmail.com')
INSERT INTO HOC_VIEN VALUES ('201500028', N'Alice Gate', '1995-10-28', N'Nữ', N'WY, USA', '01598741562', 'TOEI.BE', 'TOEI.EL', 'BEGIN', 'ELEM', '1500028@gmail.com')
INSERT INTO HOC_VIEN VALUES ('201500029', N'Celine Dion', '1999-05-13', N'Nam', N'Paris, France', '0907102901', 'TOEI.BE', 'TOEI.EL', 'BEGIN', 'ELEM', '1500029@gmail.com')
INSERT INTO HOC_VIEN VALUES ('201500030', N'Maria Sharapova', '1998-06-07', N'Nam', N'Moscow, Russia', '0901101101', 'TOEI.AD', 'TOEI.AD', 'ADV', 'ADV', '1500030@gmail.com')
INSERT INTO HOC_VIEN VALUES ('201500031', N'Khawadika', '1995-06-07', N'Nữ', N'Bangkok, Thailand', '01696969696', 'TOEI.AD', 'TOEI.AD', 'ADV', 'ADV', '1500031@gmail.com')
INSERT INTO HOC_VIEN VALUES ('201500032', N'Taylor Swift', '1996-06-09', N'Nữ', N'Wasington DC, USA', '06969696969', 'TOEI.BE', 'TOEI.EL', 'BEGIN', 'ELEM', '1500032@gmail.com')
INSERT INTO HOC_VIEN VALUES ('201500033', N'Keira Knightley', '1993-07-12', N'Nam', N'London, UK', '01111111111', 'TOEF.INT', 'TOEF.UP', 'INTER', 'UPPER', '1500033@gmail.com')
INSERT INTO HOC_VIEN VALUES ('201500034', N'Nguyễn Ngọc Phượng', '1995-09-01', N'Nữ', N'Quận 8, Tp.HCM', '01234567891', 'TOEF.UP', 'TOEF.AD', 'UPPER', 'ADV', '1500034@gmail.com')
INSERT INTO HOC_VIEN VALUES ('201500035', N'Nguyễn Phạm Hoàng Quân', '1997-09-02', N'Nam', N'Tp. HCM', '0888742962', 'TOEF.INT', 'TOEF.AD', 'INTER', 'ADV', '1500035@gmail.com')
INSERT INTO HOC_VIEN VALUES ('201500036', N'Nguyễn Ngọc Duy Luân', '1998-01-11', N'Nam', N'Hà Nội', '09874563210', 'TOEF.INT', 'TOEF.AD', 'INTER', 'ADV', '1500036@gmail.com')
INSERT INTO HOC_VIEN VALUES ('201500037', N'Nguyễn Thị Thu Thảo', '1991-11-11', N'Nữ', N'Hội An, Quảng Nam', '0985858585', 'TOEF.PR', 'TOEF.AD', 'PRE', 'ADV', '1500037@gmail.com')
INSERT INTO HOC_VIEN VALUES ('201500038', N'Đỗ Thị Thiên Kim', '1995-05-15', N'Nữ', N'Đà Nẵng', '01698806806', 'TOEF.PR', 'TOEF.AD', 'PRE', 'ADV', '1500038@gmail.com')
INSERT INTO HOC_VIEN VALUES ('201500039', N'Đào Ngọc Trang Đài', '1994-06-16', N'Nữ', N'Tp. HCM', '01236985632', 'TOEI.PR', 'TOEI.AD', 'PRE', 'ADV', '1500039@gmail.com')
INSERT INTO HOC_VIEN VALUES ('201500040', N'Trần Khánh Linh', '1995-03-20', N'Nữ', N'Tp. HCM', '01698833512', 'TOEI.BE', 'TOEI.EL', 'BEGIN', 'ELEM', '1500040@gmail.com')


INSERT INTO LOP_HOC VALUES ('EL2016.13', '2016-06-01', '2016-06-01', '2016-08-01', '3000000', '3', 'IELT.EL', '12')
INSERT INTO LOP_HOC VALUES ('EL2016.14', '2016-06-01', '2016-06-01', '2016-08-01', '3000000', '3', 'IELT.EL', '12')


INSERT INTO CHI_TIET_LOP_HOC VALUES ('AD2016.10', '201500001', '', '', '0')
INSERT INTO CHI_TIET_LOP_HOC VALUES ('AD2016.10', '201500004', '', '', '0')
INSERT INTO CHI_TIET_LOP_HOC VALUES ('AD2016.10', '201500005', '', '', '0')
INSERT INTO CHI_TIET_LOP_HOC VALUES ('AD2016.10', '201500007', '', '', '0')
INSERT INTO CHI_TIET_LOP_HOC VALUES ('AD2016.10', '201500008', '', '', '0')
INSERT INTO CHI_TIET_LOP_HOC VALUES ('AD2016.10', '201500009', '', '', '0')
INSERT INTO CHI_TIET_LOP_HOC VALUES ('AD2016.10', '201500010', '', '', '0')
INSERT INTO CHI_TIET_LOP_HOC VALUES ('AD2016.11', '201500011', '', '', '0')
INSERT INTO CHI_TIET_LOP_HOC VALUES ('AD2016.11', '201500015', '', '', '0')
INSERT INTO CHI_TIET_LOP_HOC VALUES ('AD2016.11', '201500016', '', '', '0')
INSERT INTO CHI_TIET_LOP_HOC VALUES ('AD2016.11', '201500020', '', '', '0')
INSERT INTO CHI_TIET_LOP_HOC VALUES ('AD2016.11', '201500021', '', '', '0')
INSERT INTO CHI_TIET_LOP_HOC VALUES ('AD2016.11', '201500024', '', '', '0')
INSERT INTO CHI_TIET_LOP_HOC VALUES ('AD2016.11', '201500025', '', '', '0')
INSERT INTO CHI_TIET_LOP_HOC VALUES ('AD2016.12', '201500030', '', '', '0')
INSERT INTO CHI_TIET_LOP_HOC VALUES ('AD2016.12', '201500031', '', '', '0')
INSERT INTO CHI_TIET_LOP_HOC VALUES ('AD2016.12', '201500034', '', '', '0')
INSERT INTO CHI_TIET_LOP_HOC VALUES ('AD2016.12', '201500035', '', '', '0')
INSERT INTO CHI_TIET_LOP_HOC VALUES ('AD2016.12', '201500036', '', '', '0')
INSERT INTO CHI_TIET_LOP_HOC VALUES ('AD2016.12', '201500037', '', '', '0')
INSERT INTO CHI_TIET_LOP_HOC VALUES ('AD2016.12', '201500038', '', '', '0')
INSERT INTO CHI_TIET_LOP_HOC VALUES ('AD2016.12', '201500039', '', '', '0')
INSERT INTO CHI_TIET_LOP_HOC VALUES ('IN2016.4', '201500002', '', '', '0')
INSERT INTO CHI_TIET_LOP_HOC VALUES ('IN2016.4', '201500012', '', '', '0')
INSERT INTO CHI_TIET_LOP_HOC VALUES ('IN2016.5', '201500019', '', '', '0')
INSERT INTO CHI_TIET_LOP_HOC VALUES ('EL2016.13', '201500027', '', '', '0')
INSERT INTO CHI_TIET_LOP_HOC VALUES ('EL2016.13', '201500028', '', '', '0')
INSERT INTO CHI_TIET_LOP_HOC VALUES ('EL2016.13', '201500029', '', '', '0')
INSERT INTO CHI_TIET_LOP_HOC VALUES ('EL2016.14', '201500032', '', '', '0')
INSERT INTO CHI_TIET_LOP_HOC VALUES ('EL2016.14', '201500040', '', '', '0')
INSERT INTO CHI_TIET_LOP_HOC VALUES ('PR2016.1', '201500006', '', '', '0')
INSERT INTO CHI_TIET_LOP_HOC VALUES ('PR2016.1', '201500013', '', '', '0')
INSERT INTO CHI_TIET_LOP_HOC VALUES ('PR2016.2', '201500017', '', '', '0')
INSERT INTO CHI_TIET_LOP_HOC VALUES ('PR2016.2', '201500018', '', '', '0')

--Nhơn tạo

INSERT INTO THOIGIAN_HOC VALUES('EL2016.13', 'T2', '1')
INSERT INTO THOIGIAN_HOC VALUES('EL2016.13', 'T2', '2')
INSERT INTO THOIGIAN_HOC VALUES('EL2016.13', 'T4', '3')
INSERT INTO THOIGIAN_HOC VALUES('EL2016.13', 'T4', '4')
INSERT INTO THOIGIAN_HOC VALUES('EL2016.13', 'T6', '1')
INSERT INTO THOIGIAN_HOC VALUES('EL2016.13', 'T6', '2')
INSERT INTO THOIGIAN_HOC VALUES('EL2016.14', 'T3', '5')
INSERT INTO THOIGIAN_HOC VALUES('EL2016.14', 'T3', '6')
INSERT INTO THOIGIAN_HOC VALUES('EL2016.14', 'T5', '5')
INSERT INTO THOIGIAN_HOC VALUES('EL2016.14', 'T5', '6')
INSERT INTO THOIGIAN_HOC VALUES('EL2016.14', 'T7', '5')
INSERT INTO THOIGIAN_HOC VALUES('EL2016.14', 'T7', '6')


INSERT INTO CHI_TIET_THI_XL VALUES ('TXL2016_1', '201500007', 0, NULL, 'TOEI.AD')	
INSERT INTO CHI_TIET_THI_XL VALUES ('TXL2016_1', '201500008', 0, NULL, 'IELT.AD')	
INSERT INTO CHI_TIET_THI_XL VALUES ('TXL2016_1', '201500009', 0, NULL, 'IELT.AD')	
INSERT INTO CHI_TIET_THI_XL VALUES ('TXL2016_1', '201500010', 0, NULL, 'IELT.AD')	
INSERT INTO CHI_TIET_THI_XL VALUES ('TXL2016_2', '201500011', 0, NULL, 'TOEI.AD')	
INSERT INTO CHI_TIET_THI_XL VALUES ('TXL2016_2', '201500012', 0, NULL, 'TOEI.INT')	
INSERT INTO CHI_TIET_THI_XL VALUES ('TXL2016_2', '201500013', 0, NULL, 'TOEI.PR')	
	

INSERT INTO THI_XEP_LOP VALUES ('TXL2016_1', '1', '1', '1', '6/7/2016')	
INSERT INTO THI_XEP_LOP VALUES ('TXL2016_2', '2', '1', '1', '6/7/2016')